content_id,title,platform,reads,likes,comments,shares,publish_time,content_type,keywords
1,精彩1分享,微博,57276,2468,247,179,2024-01-01 00:00:00,直播,生活，日常
2,精彩2分享,微信,37388,8819,689,186,2024-01-01 02:00:00,直播,生活，日常
3,精彩3分享,微信,37761,2445,674,349,2024-01-01 04:00:00,图文,"科技,AI"
4,精彩4分享,小红书,34461,9609,485,307,2024-01-01 06:00:00,图文,旅行，风景
5,精彩5分享,抖音,76407,2549,165,227,2024-01-01 08:00:00,直播,"科技,AI"
6,精彩6分享,微博,31512,5559,477,261,2024-01-01 10:00:00,图文,旅行，风景
7,精彩7分享,微博,62591,8713,288,167,2024-01-01 12:00:00,直播,"科技,AI"
8,精彩8分享,小红书,47456,4856,645,164,2024-01-01 14:00:00,直播,生活，日常
9,精彩9分享,小红书,13737,1480,77,488,2024-01-01 16:00:00,图文,"科技,AI"
10,精彩10分享,小红书,66986,2207,77,55,2024-01-01 18:00:00,图文,生活，日常
11,精彩11分享,微信,63625,7299,717,383,2024-01-01 20:00:00,视频,"科技,AI"
12,精彩12分享,微信,66175,6766,40,179,2024-01-01 22:00:00,直播,生活，日常
13,精彩13分享,小红书,64539,6281,500,222,2024-01-02 00:00:00,视频,生活，日常
14,精彩14分享,小红书,6775,7479,620,237,2024-01-02 02:00:00,图文,"科技,AI"
15,精彩15分享,小红书,43503,6397,164,411,2024-01-02 04:00:00,视频,"科技,AI"
16,精彩16分享,微博,47602,7918,561,288,2024-01-02 06:00:00,视频,生活，日常
17,精彩17分享,抖音,68080,9375,578,440,2024-01-02 08:00:00,视频,"科技,AI"
18,精彩18分享,微信,26746,1353,762,117,2024-01-02 10:00:00,直播,"科技,AI"
19,精彩19分享,抖音,5028,6194,343,237,2024-01-02 12:00:00,图文,旅行，风景
20,精彩20分享,抖音,79133,6886,127,225,2024-01-02 14:00:00,视频,"科技,AI"
21,精彩21分享,小红书,85619,5104,331,407,2024-01-02 16:00:00,直播,旅行，风景
22,精彩22分享,小红书,25376,5235,388,466,2024-01-02 18:00:00,图文,美食，探店
23,精彩23分享,微博,60938,7120,489,288,2024-01-02 20:00:00,图文,"科技,AI"
24,精彩24分享,小红书,2437,1756,684,264,2024-01-02 22:00:00,视频,生活，日常
25,精彩25分享,微博,52690,2779,964,164,2024-01-03 00:00:00,直播,美食，探店
26,精彩26分享,微信,64393,7293,405,206,2024-01-03 02:00:00,直播,"科技,AI"
27,精彩27分享,抖音,4793,5362,291,387,2024-01-03 04:00:00,直播,旅行，风景
28,精彩28分享,微信,10777,400,660,146,2024-01-03 06:00:00,直播,生活，日常
29,精彩29分享,小红书,62933,8672,490,427,2024-01-03 08:00:00,直播,生活，日常
30,精彩30分享,抖音,3386,4822,388,278,2024-01-03 10:00:00,图文,生活，日常
31,精彩31分享,微博,22518,3492,35,292,2024-01-03 12:00:00,图文,美食，探店
32,精彩32分享,微信,65143,3234,798,274,2024-01-03 14:00:00,直播,生活，日常
33,精彩33分享,抖音,42402,1103,718,359,2024-01-03 16:00:00,直播,生活，日常
34,精彩34分享,微博,94607,256,400,412,2024-01-03 18:00:00,视频,"科技,AI"
35,精彩35分享,微博,89611,4184,199,135,2024-01-03 20:00:00,图文,生活，日常
36,精彩36分享,微博,55946,9360,410,113,2024-01-03 22:00:00,直播,旅行，风景
37,精彩37分享,小红书,83426,8387,600,478,2024-01-04 00:00:00,直播,旅行，风景
38,精彩38分享,小红书,82753,7500,845,99,2024-01-04 02:00:00,图文,生活，日常
39,精彩39分享,抖音,59569,945,554,257,2024-01-04 04:00:00,图文,"科技,AI"
40,精彩40分享,小红书,71412,9481,233,270,2024-01-04 06:00:00,视频,美食，探店
41,精彩41分享,抖音,92100,9846,581,384,2024-01-04 08:00:00,图文,生活，日常
42,精彩42分享,抖音,49595,9587,938,235,2024-01-04 10:00:00,图文,生活，日常
43,精彩43分享,小红书,70614,8606,136,480,2024-01-04 12:00:00,直播,"科技,AI"
44,精彩44分享,微博,77504,7913,613,410,2024-01-04 14:00:00,视频,美食，探店
45,精彩45分享,小红书,72074,2299,450,103,2024-01-04 16:00:00,直播,美食，探店
46,精彩46分享,小红书,50656,9606,661,353,2024-01-04 18:00:00,直播,美食，探店
47,精彩47分享,抖音,51513,1360,731,173,2024-01-04 20:00:00,图文,美食，探店
48,精彩48分享,抖音,31315,9969,932,101,2024-01-04 22:00:00,视频,生活，日常
49,精彩49分享,微博,34510,5494,314,270,2024-01-05 00:00:00,直播,"科技,AI"
50,精彩50分享,小红书,1948,3773,382,141,2024-01-05 02:00:00,图文,旅行，风景
51,精彩51分享,微博,89819,3157,937,413,2024-01-05 04:00:00,图文,旅行，风景
52,精彩52分享,微博,11508,5662,201,99,2024-01-05 06:00:00,图文,美食，探店
53,精彩53分享,微信,82900,5611,253,176,2024-01-05 08:00:00,视频,生活，日常
54,精彩54分享,微博,30179,2775,124,499,2024-01-05 10:00:00,直播,旅行，风景
55,精彩55分享,微信,3206,5095,207,472,2024-01-05 12:00:00,视频,旅行，风景
56,精彩56分享,微博,58689,3211,751,421,2024-01-05 14:00:00,直播,旅行，风景
57,精彩57分享,微信,22184,314,307,196,2024-01-05 16:00:00,直播,美食，探店
58,精彩58分享,小红书,22963,5245,167,113,2024-01-05 18:00:00,图文,美食，探店
59,精彩59分享,微信,17270,2193,368,76,2024-01-05 20:00:00,直播,"科技,AI"
60,精彩60分享,抖音,89353,8792,699,338,2024-01-05 22:00:00,视频,生活，日常
61,精彩61分享,微信,19119,6969,382,57,2024-01-06 00:00:00,视频,生活，日常
62,精彩62分享,微博,33476,1716,711,128,2024-01-06 02:00:00,视频,"科技,AI"
63,精彩63分享,微博,69323,8024,897,5,2024-01-06 04:00:00,视频,生活，日常
64,精彩64分享,抖音,62293,3358,227,458,2024-01-06 06:00:00,视频,生活，日常
65,精彩65分享,微信,31029,8982,166,12,2024-01-06 08:00:00,视频,美食，探店
66,精彩66分享,微博,56157,8613,725,487,2024-01-06 10:00:00,直播,旅行，风景
67,精彩67分享,抖音,69105,4932,819,172,2024-01-06 12:00:00,直播,生活，日常
68,精彩68分享,抖音,89103,6639,516,319,2024-01-06 14:00:00,视频,旅行，风景
69,精彩69分享,小红书,32488,7637,847,63,2024-01-06 16:00:00,视频,美食，探店
70,精彩70分享,微博,65832,521,98,267,2024-01-06 18:00:00,视频,美食，探店
71,精彩71分享,小红书,93907,682,58,351,2024-01-06 20:00:00,视频,美食，探店
72,精彩72分享,小红书,89067,4837,282,468,2024-01-06 22:00:00,视频,生活，日常
73,精彩73分享,小红书,42644,7891,509,76,2024-01-07 00:00:00,直播,美食，探店
74,精彩74分享,抖音,98297,7519,680,43,2024-01-07 02:00:00,视频,"科技,AI"
75,精彩75分享,微博,22919,3461,452,181,2024-01-07 04:00:00,视频,旅行，风景
76,精彩76分享,小红书,57283,4965,508,213,2024-01-07 06:00:00,视频,"科技,AI"
77,精彩77分享,微信,53098,149,137,398,2024-01-07 08:00:00,视频,"科技,AI"
78,精彩78分享,微信,67429,3493,465,285,2024-01-07 10:00:00,视频,"科技,AI"
79,精彩79分享,微博,34630,6886,115,64,2024-01-07 12:00:00,视频,美食，探店
80,精彩80分享,小红书,53396,6862,930,258,2024-01-07 14:00:00,直播,美食，探店
81,精彩81分享,小红书,60652,6535,445,68,2024-01-07 16:00:00,直播,旅行，风景
82,精彩82分享,小红书,79101,1775,812,27,2024-01-07 18:00:00,图文,美食，探店
83,精彩83分享,微博,10235,1143,259,94,2024-01-07 20:00:00,视频,生活，日常
84,精彩84分享,抖音,72437,9061,318,162,2024-01-07 22:00:00,图文,旅行，风景
85,精彩85分享,微信,37214,108,686,413,2024-01-08 00:00:00,视频,"科技,AI"
86,精彩86分享,小红书,94702,2653,98,496,2024-01-08 02:00:00,图文,"科技,AI"
87,精彩87分享,小红书,83677,7838,974,418,2024-01-08 04:00:00,图文,美食，探店
88,精彩88分享,小红书,16784,6267,83,353,2024-01-08 06:00:00,图文,旅行，风景
89,精彩89分享,微信,59197,4198,272,17,2024-01-08 08:00:00,直播,"科技,AI"
90,精彩90分享,微博,1854,1164,844,364,2024-01-08 10:00:00,视频,"科技,AI"
91,精彩91分享,微博,87482,9821,31,449,2024-01-08 12:00:00,图文,美食，探店
92,精彩92分享,小红书,32931,283,357,179,2024-01-08 14:00:00,直播,生活，日常
93,精彩93分享,小红书,85225,8413,558,18,2024-01-08 16:00:00,视频,旅行，风景
94,精彩94分享,微博,67706,2123,468,75,2024-01-08 18:00:00,直播,"科技,AI"
95,精彩95分享,微信,91035,4927,21,449,2024-01-08 20:00:00,图文,生活，日常
96,精彩96分享,微博,71266,1007,927,153,2024-01-08 22:00:00,图文,生活，日常
97,精彩97分享,微博,96280,456,908,305,2024-01-09 00:00:00,直播,美食，探店
98,精彩98分享,抖音,2109,8809,363,271,2024-01-09 02:00:00,直播,旅行，风景
99,精彩99分享,小红书,93490,2705,598,482,2024-01-09 04:00:00,图文,旅行，风景
100,精彩100分享,微信,30504,2542,869,455,2024-01-09 06:00:00,图文,美食，探店
